,Credit_Amount,Credit_Amount,Credit_Amount,Age,Age,Age,Duration (in months),Duration (in months),Duration (in months)
,mean,median,std,mean,median,std,mean,median,std
Credit Standing,,,,,,,,,
0,2985.457142857143,2244.0,2401.472277825611,36.22428571428571,34.0,11.381144657255726,19.207142857142856,18.0,11.07956426618993
1,3938.1266666666666,2574.5,3535.8189550510856,33.96333333333333,31.0,11.222379198360516,24.86,24.0,13.282638856164
