,precision,recall,f1-score,support
Good Credit,0.7,1.0,0.8235294117647058,175.0
Bad Credit,0.0,0.0,0.0,75.0
accuracy,0.7,0.7,0.7,0.7
macro avg,0.35,0.5,0.4117647058823529,250.0
weighted avg,0.48999999999999994,0.7,0.5764705882352942,250.0
