,precision,recall,f1-score,support
Good Credit,0.7801047120418848,0.8514285714285714,0.8142076502732241,175.0
Bad Credit,0.559322033898305,0.44,0.4925373134328358,75.0
accuracy,0.728,0.728,0.728,0.728
macro avg,0.6697133729700949,0.6457142857142857,0.65337248185303,250.0
weighted avg,0.7138699085988108,0.728,0.7177065492211074,250.0
