,precision,recall,f1-score,support
Good Credit,0.7684210526315789,0.8342857142857143,0.7999999999999999,175.0
Bad Credit,0.5166666666666667,0.41333333333333333,0.4592592592592593,75.0
accuracy,0.708,0.708,0.708,0.708
macro avg,0.6425438596491229,0.6238095238095238,0.6296296296296297,250.0
weighted avg,0.6928947368421052,0.708,0.6977777777777778,250.0
