model_name,accuracy,precision,recall,f1
Baseline,0.7,0.0,0.0,0.0
KNN,0.708,0.5166666666666667,0.41333333333333333,0.4592592592592593
RandomForest,0.776,0.6338028169014085,0.6,0.6164383561643835
