model_name,accuracy,precision,recall,f1
Baseline,0.7,0.0,0.0,0.0
KNN,0.728,0.559322033898305,0.44,0.4925373134328358
RandomForest,0.784,0.6567164179104478,0.5866666666666667,0.619718309859155
