,precision,recall,f1-score,support
Good Credit,0.8324022346368715,0.8514285714285714,0.8418079096045198,175.0
Bad Credit,0.6338028169014085,0.6,0.6164383561643835,75.0
accuracy,0.776,0.776,0.776,0.776
macro avg,0.7331025257691399,0.7257142857142858,0.7291231328844516,250.0
weighted avg,0.7728224093162326,0.776,0.774197043572479,250.0
