,precision,recall,f1-score,support
Good Credit,0.8306010928961749,0.8685714285714285,0.8491620111731845,175.0
Bad Credit,0.6567164179104478,0.5866666666666667,0.619718309859155,75.0
accuracy,0.784,0.784,0.784,0.784
macro avg,0.7436587554033114,0.7276190476190476,0.7344401605161697,250.0
weighted avg,0.7784356904004568,0.784,0.7803289007789755,250.0
